{
    "fa":{
        "users": {
            "Rules": "✅ قوانین تایید شد از الان می توانید از خدمات ربات استفاده نمایید.",
            "back": "به صفحه اصلی بازگشتید!",
            "backbtn": "🏠 بازگشت به منوی اصلی",
            "backmenu": "🏠 بازگشت به منوی قبل",
            "time-Service": "⏳ زمان اشتراک",
            "listusers": "📌 یکی از روش های زیر را برای نمایش کاربران ارسال کنید.",
            "Volume-Service": "🌐 حجم سرویس",
            "selectoption": "یک گزینه را انتخاب کنید",
            "selectusername": "يک نام کاربري دلخواه ارسال کنيد\n⚠️ نام کاربری باید بدون کاراکترهای اضافه مانند @ ، فاصله ، خط تیره باشد. \n⚠️ نام کاربری باید انگلیسی باشد.\n✅ نام کاربری های صحیح  : ali12  | mahdi  | ws1_ksdf\n❌  نام کاربری های نادرست :   ali_ |  tele@  |  _mahdi | محسن",
            "invalidusername": "❌نام کاربری نامعتبر است\n🔄 مجددا نام کاربری خود  را ارسال کنید",
            "SendMessage" : "📩 ارسال پیام به کاربر",
            "erroroccurred" : "❌ خطایی رخ داده است مراحل را از اول انجام دهید",
            "customusername" : "نام کاربری دلخواه",
            "disable" : "غیرفعال",
            "spam": {
                "spamed": "ارسال پیام زیاد در ربات",
                "spamedmessage": "📌 کاربر گرامی اکانت شما بدلیل اسپم در ربات مسدود گردید.",
                "spamedreport" : "کاربر با ایدی عددی %s بدلیل اسپم در ربات بلاک گردید"
            },
            "block" : {
                "descriptions" : "🚫 شما از طرف مدیریت بلاک شده اید.\n\n✍️ دلیل مسدودی:  %s"
            },
            "channel": {
                "link": "تنظیم نشده",
                "text_join": "🔗 عضویت در کانال",
                "confirmjoin": "✅ بررسی عضویت",
                "confirmed": "عضویت شما با موفقیت تایید گردید با تشکر از شما❤️",
                "notconfirmed": "❌ هنوز عضو کانال نشده اید.️",
                "left_channel" : "❌ شما از کانال ما خارج شدید و از اخبار , اپدیت ها با خبر نمیشوید بهتر است مجدد عضو کانال شوید"
            },
            "affiliates" : {
                "affiliatesyou" : "❌ شما زیرمجموعه کاربر %s هستید و نمی توانید زیر مجموعه کاربری دیگه ای باشید",
                "affiliatesidyou" : "❌امکان زیرمجموعه شدن با این شناسه کاربری وجود ندارد.",
                "setpercentage": "📌 درصدی که می‌خواهید بعد خرید  به کاربر واریز شود  را ارسال کنید",
                "changedpercentage": "✅ درصد واریز به کاربر با موفقیت تنظیم شد",
                "banner": "⭕️ بنر زیرمجموعه گیری خود را ارسال کنید \n\n❌ بنر باید حتما همراه با عکس باشد",
                "invalidbanner": "❌ بنر ارسال شده نامعتبر است ( بنر حتما باید با عکس ارسال شود)",
                "insertbanner": "✅ بنر شما با موفقیت ثبت گردید.",
                "invalidaffiliates": "❌ شما نمی توانید زیر مجموعه خودتان باشید",
                "priceDiscount": "📌 مبلغی که می‌خواهید که کاربر با هر زیرمجموعه جدید دریافت کند را وارد کنید",
                "changedpriceDiscount": "✅ مبلغ زیرمجموعه گیری با موفقیت ثبت شد",
                "offaffiliates": "❌ بخش زیرمجموعه گیری خاموش می باشد",
                "affiliateedago" : "❌ شما قبلا زیرمجموعه کاربری دیگر بوده اید و امکان زیرمجموعه شدن مجدد وجود ندارد",
                "affiliateinfo" : "🤔 زیرمجموعه گیری به چه صورت است ؟\n\n👨🏻‍💻 ما برای شما محیطی فراهم کرده‌ایم تا بتوانید بدون پرداخت حتی 1 ریال به ما، موجودی کیف پول خودتان را در ربات افزایش دهید و از خدمات ربات استفاده نمایید.\n\n👥 شما میتوانید با دعوت دوستان و آشنایان خود به ربات ما از طریق لینک اختصاصی خود کسب درآمد کنید و حتی با هر خرید زیرمجموعه‌ها به شما پورسانت داده خواهد شد.\n\n👤 شما می‌توانید با استفاده از بنر بالا برای خود زیرمجموعه جمع کنید.\n\n💵 مبلغ هدیه به ازای هر عضویت : %s تومان\n💴 میزان پورسانت از خرید زیرمجموعه : %s%%\n\n📊 آمار دعوت شما\n• افراد وارد شده با لینک: %s\n• تعداد خرید ها: %s \n • مبلغ خرید : %s تومان"
            },
            "number": {
                "false": "❌ شماره تلفن صحبح نیست شماره تلفن را از دکمه زیر  ارسال نمایید.",
                "Warning": "⚠️ خطا در ذخیره سازی شماره تلفن، شماره باید حتما برای همین اکانت باشد",
                "erroriran": "⭕️ شماره موبایل نامعتبر است. فقط شماره های ایرانی مورد قبول می باشد",
                "active": "✅ شماره موبایل شما با موفقیت تایید شد",
                "Confirming": "📞 لطفا شماره موبایل خود را برای احراز هویت از طریق دکمه زیر ارسال نمایید"
            },
            "sell": {
                "deactivepanel": "❌ بخش فروش درحال حاضر غیرفعال می باشد",
                "service_not_available": "⛔️شما هیچ سرویس فعالی ندارید",
                "service_sell": "🛍 اشتراک های خریداری شده توسط شما\n\n⚠️برای مشاهده اطلاعات و مدیریت روی نام کاربری کلیک کنید\n\n⭕️ همچنین برای پیدا کردن سریع سرویس خود و مدیریت آن می توانید از دکمه \"🔎 جستجو سریع\" استفاده کنید",
                "Service-select": "🛍️ لطفاً سرویسی که می‌خواهید خریداری کنید را انتخاب کنید!",
                "error-product": "❌ محصول انتخابی وجود ندارد",
                "Service-select-first": "🛍️ لطفاً سرویسی که می‌خواهید خریداری کنید را انتخاب کنید!",
                "None-credit": "📝 موجودی حساب شما کافی نمی باشد یک روش پرداخت از لیست پایین انتخاب نمایید",
                "ErrorConfig": "❌ خطایی در ساخت اشتراک رخ داده است برای رفع مشکل با پشتیبانی در ارتباط باشد.",
                "selectpayment": "📌 یک روش پرداخت از لیست بالا انتخاب نمایید",
                "notestep" : "📌 یک یادداشت برای کانفیگ خود بنویسید.\n⚠️ این نام برای جستجو سریع تر در مدیریت سرویس ها می باشد\n🪪(مثال: علی ، احمد ، عمو ، مشتری شهرستان و...)"
            },
            "stateus": {
                "notUsernameget": "نام کاربری وجود ندارد",
                "SendUsername": "📌 نام کاربری  یا لینک اشتراک خود را ارسال نمایید",
                "active": "✅ فعال",
                "limited": "🚫 پایان حجم",
                "disabled": "❌ غیرفعال",
                "expired": "🔚 پایان زمان سرویس",
                "on_hold": "❌ متصل نشده",
                "Unknown": "❌ نامشخص",
                "Unlimited": "نامحدود",
                "month": " ماه ",
                "day": " روز ",
                "hour": " ساعت ",
                "min": "دقیقه",
                "Notconsumed": "مصرف نشده",
                "username": "نام کاربری : ",
                "stateus": "وضعیت:",
                "expirationDate": "زمان پایان:",
                "daysleft": "زمان باقی مانده سرویس:",
                "usedTrafficGb": "حجم مصرف شده سرویس:",
                "LastTraffic": "حجم کل سرویس :",
                "RemainingVolume": "حجم باقی مانده سرویس :",
                "info": "📊 اطلاعات سرویس:",
                "error": "❌خطایی رخ داده است",
                "panelNotConnected": "❌ سامانه استعلام  سرویس مورد نظر درحال حاضر دردسترس نیست ساعتی دیگر امتحان کنید",
                "UserNotFound": "❌ سرویس موردنظر  در سرور پیدا نشد!",
                "statusdisable": "❌ سرویس غیرفعال می باشد امکان مشاهده اطلاعات وجود ندارد" ,
                "errorexits": "❌ درخواست ثبت شده برای این نام کاربری وجود دارد  و امکان ثبت درخواست جدید وجود ندارد",
                "errorusertest": "❌ امکان بازگشت وجه برای اکانت تست وجود ندارد.",
                "getlinksub": "🔗  دریافت لینک اشتراک",
                "linksub": "🔗 لینک اشتراک",
                "backlist": "🏠 بازگشت به لیست سرویس ها",
                "backservice": "🏠 بازگشت به مشخصات سرویس",
                "backinfo": "↪️ بازگشت",
                "Invalidusername": "❌ نام کاربری نامعتبر است.\n🔄 مجددا نام کاربری خود را ارسال کنید",
                "config": "🔰 دریافت کانفیگ",
                "removeservice": "❌ بازگشت وجه",
                "descriptions_removeservice": "📌 با کلیک بر روی دکمه \"✅ درخواست حذف سرویس را دارم\"، درخواست حذف سرویس شما به مدیریت ارسال خواهد شد و پس از بررسی، سرویس شما کنسل خواهد شد.\n\n❌ در صورت تأیید مدیریت، مبلغ مصرفی باقی‌مانده به کیف پول شما واریز خواهد شد.\n\nمتشکریم که از خدمات ما استفاده می‌کنید.",
                "sendrequestsremove": "✅ درخواست شما ارسال گردید پس از بررسی مدیریت نتیجه به شما اطلاع رسانی خواهد شد",
                "exitsrequsts": "❌ شما یک درخواست ثبت شده دارید منتظر بررسی درخواست ثبت شده باشید بعد از بررسی می توانید درخواست حذف خود را ثبت کنید",
                "requestadmin": "📌 درخواست رد کردن حذف با موفقیت ثبت شد دلیل عدم تایید را ارسال کنید",
                "accecptreqests": "✅ با موفقیت ثبت گردید",
                "disabledconfig": "❌ سرویس شما با موفقیت غیرفعال گردید.",
                "activedconfig": "✅ سرویس شما با موفقیت فعال گردید",
                "notchanged": "❌ امکان تغییر وضعیت سرویس وجود ندارد."
            },
            "extend": {
                "title": "💊 تمدید سرویس",
                "titleBtn" : "♻️ تمدید سرویس",
                "confirm": "تایید تمدید",
                "discount": "🎁 ثبت کد تخفیف",
                "thanks": "🙏 با تشکر از تمدید سرویس خود.\n\n✅ تمدید شما با موفقیت انجام شد.\n⬅️ برای بازگشت به لیست سرویس‌های خود یا مشاهده اطلاعات، روی دکمه‌های زیر کلیک کنید.",
                "error": "🚫 متأسفانه یک مشکل  به وجود آمده است. لطفاً با پشتیبانی تماس بگیرید تا این مشکل رفع شود.",
                "selectservice": " 🛍 محصول خود را برای تمدید انتخاب نمایید",
                "selectOrderDirect" : "📌 سرویس خود را جهت تمدید انتخاب نمایید.",
                "emptyServiceforExtend" : "❌ شما هیچ سرویسی برای تمدید ندارید.",
                "renewalerror" : "❌ خطایی در تمدید رخ داده است لطفا مراحل تمدید خود را مجددا انجام دهید",
                "renewalinvoice" : "📜 فاکتور تمدید شما برای نام کاربری %s ایجاد شد.\n\n🛍 نام محصول : %s\n💸 مبلغ تمدید : %s\n⏱ مدت زمان تمدید : %s روز\n🔋 حجم تمدید : %s گیگ\n✍️ توضیحات : %s\n💸 موجودی کیف پول : %s\n\n✅ برای تایید و تمدید سرویس روی دکمه زیر کلیک کنید"            },
            "Extra_volume": {
                "SetPrice": "⭕️ قیمتی که می‌خواهید برای هرگیگ حجم اضافه تعیین کنید را ارسال کنید.",
                "ChangedPrice": "✅ مبلغ با موفقیت ذخیره گردید.",
                "gettypeextra": "📌 قیمت برای چه نوع کاربری تنظیم شود؟\nنوع کاربران : \nf = کاربر عادی\nn = نماینده عادی\nn2  = نماینده با قابلیت های بیشتر",
                "sellextra": "➕ خرید حجم اضافه",
                "extracheck": "تایید و دریافت حجم اضافه",
                "invalidprice": "🚫 حداقل حجم 1 گیگابایت می باشد",
                "setpricerxtratime": "قیمتی که مخیواهید  برای هر روز زمان اضافه تعیین کنید را ارسال کنید",
                "extravolumeinvoice" : "📇 فاکتور خرید حجم اضافه برای شما ایجاد شد.\n\n💰 قیمت هر گیگابایت حجم اضافه : %s تومان\n📝 مبلغ فاکتور شما : %s تومان\n📥 حجم اضافه درخواستی : %s گیگابایت\n\n✅ جهت پرداخت و اضافه شدن حجم، روی دکمه زیر کلیک کنید.",
                "enterextravolume" : "🔋 مقدار حجم اضافه مورد نظر را وارد کنید (برحسب گیگابایت) :\n\n📌 تعرفه هر گیگ : %s تومان"
            },
            "Extra_time": {
                "title": "⏳ خرید زمان اضافه",
                "extratimecheck": "تایید و دریافت زمان اضافه"
            },
            "usertest": {
                "limitwarning": "⚠️ محدودیت ساخت اشتراک تست شما به پایان رسید.",
                "errorcreat": "❌ خطایی در ساخت اشتراک رخ داده است برای رفع مشکل با پشتیبانی در ارتباط باشد.",
                "iduser": "آیدی عددی کاربر",
                "phonenumber": "شماره تلفن کاربر",
                "namepanel": "نام پنل"
            },
            "help": {
                "disablehelp": "کاربر گرامی بخش آموزش درحال حاضر غیرفعال است. 😔",
                "btninlinebuy": "📚 مشاهده آموزش استفاده "
            },
            "support": {
                "sendmessageadmin": "🚀 پیام شما ارسال شد منتظر پاسخ مدیریت باشید",
                "answermessage": "پاسخ به پیام",
                "sendmessageuser": "📨 برای ارتباط با پشتیبانی پیام خود را ارسال کنید",
                "btnsupport": "☎️  در دکمه زیر ( سوالات متداول ) سوالات پرتکرار شما آمده است. روی دکمه زیر کلیک کنید در صورت نیافتن سوال خود روی دکمه پشتیبانی کلیک کنید"
            },
            "Balance": {
                "errorprice": "❌ خطا \n💬 لطفا فقط عدد وارد کنید",
                "selectPatment": "💵 روش پرداخت خود را انتخاب نمایید",
                "nowpayments": "❌ خطا \n    کمترین مبلغ برای  پرداخت در این درگاه 1 دلار می باشد.",
                "zarinpal": "❌ خطا \n    کمترین مبلغ برای  پرداخت در این درگاه 5000 تومان می باشد.",
                "linkpayments": "درحال ساخت لینک پرداخت...",
                "payments": "پرداخت",
                "changeto": "❌ خطا \n    کمترین مبلغ برای  پرداخت در این درگاه 2 ترون می باشد",
                "errorLinkPayment": "❌ خطایی در ساخت لینک پرداخت رخ داده است برای رفع  با پشتیبانی در ارتباط باشید.",
                "reject_pay": "❌ رد پرداخت",
                "addbalamceuser": "⭕️ اضافه کردن دستی موجودی",
                "blockedfake": "⭕️ بلاک کردن کاربر",
                "Confirmpayadmin": "⭕️ پرداخت از قبل تایید شده است",
                "finished": "پزداخت شما با موفقیت تایید شد",
                "sending": "پرداخت دریافت شده و درحال بررسی می باشد لطفا منتظر بمانید",
                "expired": "زمان لینک پرداخت منقضی شده و قابل بررسی نیست",
                "refunded": "مبلغ به کیف پول شما بازگشته است",
                "waiting": "در انتظار تایید پرداخت",
                "Failed": "⭕️ پرداخت شما تایید نگردیده است",
                "Confirmpay": "✅ کاربر گرامی پرداخت شما با موفقیت انجام شد و مبلع پرداختی به موجودی شما اضافه گردید",
                "Invalid-receipt": "رسید نامعتبر است رسید باید فقط عکس باشد",
                "Confirmpaying": "✅ تایید پرداخت",
                "Send-receipt": "🚀 رسید پرداخت  شما ارسال شد پس از تایید توسط مدیریت مبلغ به کیف پول شما واریز خواهد شد",
                "Send-receiptadnsendconfig": "🚀 رسید شما ارسال و پس از بررسی اطلاعات سرویس برای شما ارسال خواهد شد",
                "maxpurchasereached" : "❌ شما به حداکثر سقف خرید خود رسیده اید ابتدا حساب خود را شارژ نمایید سپس سرویس جدید تهیه یا سرویس را تمدید کنید",
                "insufficientbalance" : "❌ موجودی شما برای خرید سرویس کافی نمی باشد.\n💸 برای افزایش موجودی مبلغ را به تومان وارد کنید:\n✅ حداقل مبلغ %s تومان، حداکثر مبلغ %s تومان می باشد",
                "receiptimage" : "🖼 تصویر رسید ارسالی"
            },
            "Discount": {
                "getcode": "💝 برای دریافت موجودی کد هدیه خود را ارسال نمایید",
                "notcode": "❌ کد نامعتبر است",
                "getcodesell": "🧑‍💻 کد تخفیف خود را ارسال کنید",
                "erorrlimit": "❌ محدودیت استفاده از این کد تخفیف به پایان رسیده است",
                "erorrlimitdiscount": "❌ محدودیت استفاده از این کد هدیه به پایان رسیده است",
                "firstdiscount": "❌ این کد تخفیف مخصوص خرید اول است.",
                "gift-deposit" : "🎁 کاربر عزیز مبلغ %s تومان به عنوان هدیه واریز به حساب شما واریز گردید.",
                "discountapplied": "تبریک 🎉\n📌 خرید شما شامل %s درصد تخفیف شده است",
                "giftcodeused" : "⭕️ یک کاربر با نام کاربری @%s و آیدی عددی %s از کد هدیه %s استفاده کرد.",
                "giftcodesuccess" : "کد هدیه با موفقیت ثبت شد و به موجودی شما مبلغ %s تومان اضافه گردید. 🥳",
                "giftcodeonce" : "📌 این کد تنها یکبار قابل استفاده است."
            },
            "changelink": {
                "btntitle": "⚙️ تغییر لینک",
                "warnchange": "⚠️ در صورت بروزرسانی لینک اشتراک کانفیگ ها قبلی  سرویس شما قطع خواهد شد برای تایید دکمه زیر را کلیک کنید",
                "confirm": "تغییر لینک اتصال",
                "confirmed": "✅ لینک اتصال شما بروزرسانی و کانفیگ قبلی قطع گردید برای دریافت کانفیگ جدید منوی تنظمیات سرویس مراجعه کرده و کانفیگ جدید را تهیه کنید."
            },
            "customsellvolume": {
                "title": "⚙️ سرویس دلخواه"
            },
            "customvolume": {
                "SetPrice": "⭕️ قیمتی که می‌خواهید برای هرگیگ حجم دلخواه تعیین کنید را ارسال کنید.",
                "setpricetime" : "📌 قیمت هر روز اضافه که میخواهید تنظیم شود را ارسال کنید.",
                "time": "📌 زمانی که می‌خواهید برای سرویس های حجم دلخواه در نظر بگیرید را ارسال کنید\n⚠️ زمان بر اساس روز است",
                "savedtime": "✅ زمان با موفقیت تنظیم شد"
            },
            "search": {
                "title": "🔎 جستجو سریع",
                "usernamgeget": "📌 نام کاربری خود را ارسال نمایید"
            },
            "Major": {
                "title": "📌 تعداد سرویسی که  می‌خواهید خریداری کنید را ارسال کنید \n⚠️ حداقل تعداد 1 عدد و حداکثر 15 عدد می باشد",
                "invalidcount": "❌ حداقل تعداد خرید سرویس 1 عدد و حداکثر 15 عدد می باشد"
            },
            "page": {
                "next": "بعدی",
                "notusernameme": "🔎 نام کاربری من در لیست نیست",
                "previous": "قبلی"
            },
            "Service": {
                "Location": "📌 موقعیت سرویس را انتخاب نمایید."
            },
            "qrcode": {
                "configqrcdoeservice": "📷 کیوآرکد کانفیگ",
                "sendqrcodeconfig": "کیوآرکد کانفیگ های شما 👇"
            },
            "agenttext" : {
                "endrequest": "✅ درخواست شما ثبت گردید. پس از بررسی نتیجه اعلام خواهد شد.",
                "requestreport": "❌ شما یک درخواست ثبت شده دارید امکان درخواست مجدد وجود ندارد.",
                "isagent": "❌ شما درحال حاضر نماینده هستید امکان درخواست نمایندگی وجود ندارد.",
                "acceptrequest" : "✅ تایید درخواست",
                "rejectrequest" : "❌ رد درخواست",
                "agent-request" :"📣 یک کاربر درخواست نمایندگی ثبت کرده لطفا اطلاعات را بررسی و وضعیت را مشخص کنید.\n\nآیدی عددی : <code>%s</code>\nنام کاربری : @%s\nنام اکانت: %s\nتوضیحات : %s",
                "insufficientbalanceagent" : "❌ موجودی شما برای درخواست نمایندگی کافی نمی باشد ابتدا حساب کاربری خود را شارژ سپس درخواست را ارسال نمایید\n\n💸 هزینه دریافت نمایندگی  :‌%s تومان",
                "customnameusername" : "👤 انتخاب نام دلخواه"
            },
            "note": {
                "changednote" : "✅ یادداشت با موفقیت تغییر کرد.",
                "ErrorLongNote": "❌ حداکثر محدودیت یادداشت جدید ۱۵۰ کاراکتر می باشد.",
                "SendNote" : "📝 یادداشت جدید خود را ارسال نمایید ( حداکثر ۱۵۰ کاراکتر می توانید ارسال نمایید.)"
            },
            "app" : {
                "selectapp" : "📌  جهت دانلود یک گزینه را انتخاب کنید",
                "appempty" : "❌ برنامه ای برای دانلود وجود ندارد."
            },
            "pricearze" : {
                "tether-price" : "قیمت تتر درحال حاضر :  %s تومان",
                "tron-price" : "قیمت ترون درحال حاضر :  %s تومان"
            },
            "wheel_luck" :{
                "notWinner": "🥲متاسفانه شما برنده نشدید روز دیگر مجددا تست کنید",
                "wheel-winner": "⭕️ یک کاربر با نام کاربری @%s و آیدی عددی %s برنده گردونه شانس شد",
                "winner-congratulations" : "🤩 تبریک شما برنده شدید . مبلغ %s تومان به حساب کاربری شما اضافه گردید.",
                "already-participated" : "❌ شما امروز شرکت کردید فردا مجددا  شانس خود را امتحان کنید",
                "feature-disabled" : "❌ این قابلیت در حال حاضر خاموش می باشد"
            }
        },
        "Admin": {
            "backadmin" : "🏠 بازگشت به منوی مدیریت",
            "backmenu" : "▶️ بازگشت به منوی قبل",
            "textpaneladmin" : "👨‍💼 پنل مدیریت",
            "activebottext" : "برای استفاده از امکانات پنل ادمین:\n\nبه صفحه‌ای که پایین آن کیبورد دارد بروید.\nدر کیبورد، دکمه‌ای به نام گزارشات ربات را پیدا کنید و روی آن کلیک کنید.\nبعد از کلیک روی دکمه گزارشات ربات، صفحه‌ای باز می‌شود.\nدر این صفحه، می‌توانید گروهی که می‌خواهید را انتخاب و تنظیم کنید.\nاین کار الزامی است",
            "TextPanelAdminLogin" : "💎Version Bot : %s\n\n📌Version Mini App : %s \n📌Version Bot Agent : %s \n\nWelcome",
            "affiliates" : {
                "titletopic" : "🎁 گزارش پورسانت ها"
            },
            "Back-Admin": "به پنل ادمین بازگشتید!",
            "Back-menu": "به منوی قبل بازگشتید!",
            "not-user": "کاربری با این شناسه یافت نشد",
            "perfectmoney" : {
                "setnumberacount" :"✅ شماره اکانت با موفقیت ثبت شد"
            },
            "channel": {
                "title" : "اضافه کردن کانال",
                "removechannelbtn" : "حذف کانال",
                "changechannel": "برای تنظیم کانال عضویت اجباری لطفا یوزرنیم کانال خود با @ را یا آیدی عددی کانال که با -100 شروع میشود را وارد نمایید",
                "setchannel": "🔰 گروه گزارش با موفقیت تنظیم گردید.",
                "description": "📌 برای فعال کردن قابلیت جوین اجباری یک کانال اضافه کنید\nنکات این قابلیت : \n- ربات حتما باید ادمین کانال باشد\n- برای غیرفعال کردن این قابلیت باید تمام کانال ها را حذف کنید",
                "removechannel": "📌  یکی از کانال های زیر را برای حذف ارسال کنید",
                "removedchannel": "❌ کانال با موفقیت حذف گردید."
            },
            "manageadmin": {
                "getid": "🌟آیدی عددی ادمین جدید را ارسال نمایید",
                "getiddelete": "⛔️ آیدی عددی ادمینی که می خواهید حذف کنید را ارسال نمایید",
                "addadminset": "🥳 ادمین با موفقیت اضافه گردید",
                "setrule": "⭕️ سطح دسترسی ادمین را ارسال کنید\nسطح دسترسی administrator به تمامی بخش ها دسترسی دارد\nسطح دسترسی Seller فقط به بخش های تایید رسید  ، خدمات کاربر ، آمار ربات دسترسی دارید\nسطح دسترسی support به بخش های خدمات کاربر ، پاسخ پیام پشتیبانی دسترسی دارد",
                "removedadmin": "✅ ادمین با موفقیت حذف گردید.",
                "invalidrule": "❌ سطح دسترسی نامعتبر",
                "adminedsenduser": "⭕️  کاربر عزیز شما ادمین ربات شدید برای دسترسی به پنل ادمین می توانید دستور <code>panel<\/code> را ارسال کنید"
            },
            "getlimitusertest": {
                "setlimitbtn" : "➕ محدودیت ساخت اکانت تست برای همه",
                "getid": "تعداد ساخت اکانت تست را ارسال کنید",
                "setlimit": "محدودیت برای کاربر تنظیم گردید.",
                "limitall": "تعداد ساخت اکانت تست را وارد نمایید.",
                "setlimitall": "محدودیت ساخت اکانت برای تمام کاربران تنظیم شد"
            },
            "getstats": "در صورتی که می خواهید آمار را در بازه تاریخی دیگیری ببینید  ابتدا تاریخ شروع را ارسال کنید .\nمثال: \n<code>%s<\/code>",
            "managepanel": {
                "selectpanel": "پنل خود را انتخاب کنید",
                "saveddata": "✅ تغییرات با موفقیت ذخیره گردید.",
                "errorstateuspanel": "امکان اتصال به پنل وجود ندارد 😔 خطا در ادامه نوشته شده است در صورتی که مشکل حل نشد با پشتیبانی در ارتباط باشید",
                "addpanelname": "نام پنل را ارسال کنید\n       \n⚠️ توجه: نام پنل نامی است که  در هنگام انجام عملیات جستجو  نشان داده می شود.",
                "addpanelurl": "🔗 نام پنل ذخیره شد حالا آدرس پنل خود ارسال کنید\n    ⚠️ توجه:\n    🔸 آدرس پنل باید بدون dashboard ارسال شود.\n    🔹 در صورتی که پورت پنل 443 است پورت را نباید وارد کنید.  ( گاهی حتما با پورت باید وارد کنید)\n    🔸 آخر آدرس نباید \/ داشته باشد\n    🔹 در صورت وارد کردن آیپی حتما http یا https باید داشته باشد",
                "Invalid-domain": "🔗 آدرس دامنه نامعتبر است",
                "usernameset": "👤 آدرس پنل ذخیره شد حالا نام کاربری  را ارسال کنید",
                "getpassword": "🔑 نام کاربری ذخیره شد. رمز عبور  خود را وارد نمایید",
                "addedpanel": "تبریک پنل شما با موفقیت اضافه گردید",
                "getlimitedpanel": "📌 محدودیت ساخت اکانت در این پنل را مشخص نمایید.\n⚠️ توجه داشته باشید که محدودیت براساس تعداد سفارشات فعال در ربات است  \nدر صورتی که می خواهید نامحدود باشد متن unlimited را ارسال کنید",
                "GetRemoveNamePanel": "پنلی که میخواهید حذف کنید را انتخاب کنید.",
                "RemovedPanel": "پنل با موفقیت حذف گردید",
                "nullpanel": "⭕️ موقعیتی یافت نشد برای رفع مشکل با پشتیبانی در ارتباط باشید",
                "limitedpanel": "❌  متاسفانه ظرفیت ساخت اکانت در این پنل به پایان رسیده است از پنل دیگری استفاده نمایید",
                "limitedpanelfirst": "❌  متاسفانه ظرفیت ساخت اکانت به پایان رسیده است  ساعاتی دیگر مجددا امتحان کنید.",
                "nullpaneladmin": "پنل تعریف نشده است ابتدا پنل را تعریف کنید سپس محصول اضافه کنید",
                "getloc": "برای ویرایش پنل نام پنل را ارسال کنید",
                "GetNameNew": "نام جدید پنل را  ارسال کنید",
                "ChangedNmaePanel": "✅ نام پنل با موفقیت تغییر کرد.",
                "geturlnew": " آدرس جدید پنل را  ارسال کنید",
                "setlimit": "محدودیت جدید ساخت اکانت را ارسال نمایید  در صورتی که می خواهید نامحدود باشد متن unlimited را ارسال کنید",
                "ChangedurlPanel": "✅ آدرس پنل با موفقیت تغییر کرد.",
                "changedlimit": "محدودیت جدید با موفقیت تنظیم شد",
                "Repeatpanel": "❌ نام پنل از قبل ثبت شده دوباره نمی توانید ثبت کنید",
                "customnamesend": "متن دلخواه خود را ارسال کنید",
                "invalidname": "نام نامعتبر است",
                "savedname": "✅ نام  با موفقیت ذخیره شد",
                "getusernamenew": " نام کاربری جدید پنل را  ارسال کنید",
                "ChangedusernamePanel": "✅ نام کاربری پنل با موفقیت تغییر کرد.",
                "getpasswordnew": "رمز عبور جدید پنل را ارسال کنید",
                "ChangedpasswordPanel": "✅ رمز عبور پنل با موفقیت تغییر کرد.",
                "settingprotocol": "برای فعالسازی یا غیرفعالسازی پروتکل  یکی از گزینه های زیر را انتخاب کنید",
                "staatusprotocol": "وضعیت پروتکل را انتخاب کنید",
                "onprotocol": "پروتکل با موفقیت خاموش شد",
                "offprotocol": "پروتکل با موفقیت روشن شد",
                "connectx-ui": "✅ پنل متصل است",
                "Inbound": {
                    "GetProtocol": "🔱 پروتکل خود را انتخاب کنید",
                    "invalidprotocol": "⛔️ پروتکل نامعتبر است پروتکل باید از گزینه های زیر باشد",
                    "getInbound": "🔰 نام های اینباندی که می‌خواهید برای این پروتکل تنظیم کنید را ارسال کنید.",
                    "addInbound": "⭕️ اینباند دریافت شد در صورتی که میخواهید مجدد اینباند جدید ارسال کنید نام اینباند جدید را ارسال کنید در غیراینصورت دستور \/end را ارسال کنید",
                    "endInbound": "🥳 اینباندها با موفقیت ثبت شدند",
                    "remove": "⭕️ اینباندی که می‌خواهید حذف کنید را  ارسال کنید در صورتی که میخواهید تمام اینباند های این پروتکل حذف شود دستور all را ارسال کنید",
                    "removeed": "❌ اینباند با موفقیت حذف شد",
                    "RepetitiousInbound": "این اینباند از قبل اضافه شده است",
                    "gettypepanel": "📌  نوع پنل خود را انتخاب نمایید"
                },
                "setprotocol": "✅ پروتکل با موفقیت تنظیم شد"
            },
            "ManageUser": {
                "SendMessageuser": "✅ پیام با موفقیت برای کاربر ارسال گردید.",
                "GetTextResponse": "برای پاسخ به پیام متن خود را ارسال کنید.",
                "GetText": "متن خود را ارسال کنید",
                "textconfirm": "در صورت تایید متن زیر را ارسال نمایید\n<code>تایید<\/code>",
                "ForwardGetext": "متن فورواردی خود را ارسال کنید",
                "ForwardSendAllUser": "✅ پیام برای تمامی کاربران فوروارد شد.",
                "MessageSent": "✅ پیام ارسال شد",
                "ChangeTextGet": " متن جدید خود راارسال کنید.\nمتن فعلی :",
                "GetIDMessage": "✅ متن دریافت شد حالا آیدی عددی کاربر را ارسال کنید.",
                "notfoundagent": "❌ نماینده ای  برای ارسال پیام وجود ندارد",
                "ErrorText": "فقط متن می توانید ارسال کنید",
                "SaveText": "✅ متن با موفقیت ذخیره شد",
                "BlockUserId": "👤 آیدی عددی کاربر را ارسال کنید",
                "BlockedUser": "کاربر از قبل بلاک بوده است❗️",
                "BlockUser": "🚫 کاربر مسدود شد حالا دلیل مسدودی هم ارسال کنید.",
                "RemoveService": "در این بخش می توانید سرویسی  داخل ربات حذف نمایید.\nبرای حذف سرویس نام کاربری که داخل پنل ثبت شده بود را ارسال نمایید",
                "RemovedService": "✅ سرویس کاربر حذف گردید.",
                "DescriptionBlock": "✍️ دلیل مسدودی کاربر ذخیره شد",
                "GetIdUserunblock": "👤 آیدی عددی کاربر را ارسال کنید",
                "UserNotBlock": "کاربر بلاک نیست 😐",
                "UserUnblocked": "کاربر از حالت مسدودی خارج گردید. 🤩",
                "Acceptedphone": "تایید شده",
                "Failedphone": "تایید نشده",
                "ViewOrder": "👁 برای مشاهده سفارشات کاربر آیدی عددی کاربر را ارسال کنید",
                "dataorder": " تاریخ ثبت نشده است",
                "SendOrder": "لیست سفارشات کاربر ارسال شد",
                "mangebtnuser": "⚙️ مدیریت کاربر",
                "newuser" : "🎉یک کاربر جدید ربات را استارت کرد\n نام : %s\nنام کاربری : @%s\nآیدی عددی : %s",
                "mangebtnuserdec": "⭕️ در این بخش میتوانید تمام کاربران را مشاهده کنید \n⚠️ برای مدیریت کاربر روی دکمه مدیریت کاربر جلوی هر کاربر بزنید",
                "backlistuser": "🏠 بازگشت به لیست کاربران",
                "addbalanceuser": "👆افزایش موجودی",
                "lowbalanceuser": "👇 کم کردن موجودی",
                "addbalanceuserdec": "⭕️ مبلغی که میخواهید اضافه کنید را ارسال کنید",
                "lowbalanceuserdec": "⭕️ مبلغی که میخواهید کسر کنید را ارسال کنید",
                "addbalanced": "✅ موجودی با موفقیت به حساب کاربر افزوده شد.",
                "lowbalanced": "✅ موجودی با موفقیت از حساب کاربر کم شد.",
                "banuserlist": "🔒 مسدود کردن کاربر",
                "unbanuserlist": "🔓 رفع مسدودی کاربر",
                "confirmnumber": "تایید دستی شماره تلفن",
                "vieworderuser": "🛍 مشاهده سفارشات کاربر",
                "viewpaymentuser": "💰 مشاهده پرداختی کاربر",
                "sendpayemntlist": "✅ لیست پرداختی های کاربر ارسال شد",
                "removeservice": "❌ حذف سفارش",
                "removeserviceandback": "❌ حذف سفارش و بازگشت مبلغ",
                "removeagent": "🤖 حذف نماینده",
                "addagent": "🤖 افزودن نماینده"
            },
            "Help": {
                "GetAddNameHelp": "برای اضافه کردن آموزش یک نام ارسال کنید \n⚠️ توجه: نام آموزش نامی است که کاربر در لیست مشاهده می کند.",
                "GetAddDecHelp": " 🔗 نام آموزش ذخیره شد حالا توضیحات خود را ارسال کنید \n⚠️ توجه:\n🔸 توضیحات میتوانید همراه با عکس یا فیلم ارسال کنید",
                "SaveHelp": "✅ آموزش با موفقیت ذخیره شد",
                "SelectName": "نام آموزش را انتخاب کنید",
                "RemoveHelp": "✅ آموزش حذف گردید."
            },
            "Status": {
                "btn": "📊 آمار ربات",
                "BotTitle": "📌  در این بخش می توانید مشخص کنید که قابلیت های زیر فعال باشند یا خیر.",
                "subject": "عنوان",
                "statussubject": "وضعیت",
                "stautsbot": "📡 وضعیت ربات",
                "statususernamebtn": "👤 دکمه نام کاربری",
                "statuscategorytime": "⏱ دسته بندی زمان",
                "statusnotifnewuser": "👤 اعلان کاربر جدید",
                "statusshowagent": "👨‍💻  درخواست نمایندگی",
                "stautsrolee": "♨️ قوانین",
                "statususertest": "🔑 اکانت تست",
                "statusvolumeextra": "🔋 وضعیت حجم اضافه",
                "customvolume": "❤️ وضعیت حجم دلخواه",
                "paydirect": "🎯  وضعیت خرید مستقیم",
                "statustimeextra": "⏳  زمان اضافه",
                "statushelpbot": "💡  بخش آموزش",
                "statusterfhh": "💵 تعرفه اشتراک ها",
                "Authenticationphone": "☎️  احراز هویت شماره تماس",
                "Authenticationiran": "🇮🇷 تایید شماره ایرانی",
                "inlinebtns": "🛡 شیشه ای بودن دکمه ربات",
                "statuson": "✅ روشن",
                "statusoff": "❌ خاموش",
                "Discountaffiliates": "وضعیت فعال بودن قابلیت هدیه",
                "DiscountaffiliatesStatusOff": "قابلیت هدیه غیرفعال شد",
                "DiscountaffiliatesStatuson": "قابلیت هدیه فعال شد",
                "commission": "وضعیت فعال بودن قابلیت هدیه بعد از استارت ربات",
                "commissionStatusOff": "قابلیت پورسانت غیرفعال شد",
                "commissionStatuson": "قابلیت پورسانت فعال شد",
                "flow": "وضعیت فعال بودن قابلیت flow",
                "flowStatusOff": "flow غیرفعال شد",
                "flowStatuson": "flow روشن شد",
                "affiliates": "📌 در این بخش می توانید قابلیت زیر مجموعه گیری در ربات را خاموش یا روشن کنید",
                "affiliatesStatusOff": "قابلیت زیرمجموعه گیری غیرفعال شد",
                "affiliatesStatuson": "قابلیت زیر مجموعه روشن شد",
                "TestAccount": "⭕️ در این بخش می توانید تنظیم کنید که کاربر اکانت تست از این لوکیشن دریافت کند یا خیر",
                "TestAccountStatusOff": "دریافت اکانت تست برای این پنل خاموش گردید",
                "TestAccountStatuson": "دریافت اکانت تست برای این پنل روشن گردید",
                "activepanel": "⭕️ در این بخش می توانید پنل را برای فروش خاموش یا روشن کنید",
                "activepanelStatusOff": "❌ پنل خاموش گردید",
                "activepaneltatuson": "✅ پنل روشن گردید",
                "BotStatusOff": "❌ ربات خاموش گردید ",
                "BotStatuson": "🤖 ربات روشن گردید",
                "rollTitle": "وضعیت قانون",
                "rollStatusOff": "❌ قانون غیرفعال گردید ",
                "rollStatuson": "♨️ قانون فعال گردید. از این پس اگر کاربری قوانین را تایید نکرده باشد نمی تواند از امکانات ربات استفاده نماید",
                "phoneTitle": "📞 وضعیت احراز هویت شماره تماس",
                "phoneStatusOff": "❌ احرازهویت شماره تماس غیرفعال گردید",
                "phoneStatuson": "🥳 احرازهویت شماره تماس فعال گردید. از این پس هرکاربری بخواهد از خدمات ربات استفاده کند باید شماره تماس خود را ارسال کند.",
                "HelpTitle": "وضعیت بخش آموزش",
                "HelpStatusOff": "❌ آموزش غیرفعال است",
                "HelpStatuson": "📚 بخش آموزش روشن گردید",
                "PhoneIranTitle": "در این قسمت میتوانید تعیین کنید در زمان احراز هویت شماره تلفن از کاربر فقط شماره ایرانی گرفته شود یا  تمامی شماره ها",
                "PhoneIranStatusOff": "❌ احراز هویت شماره از کاربران با تمام شماره ها از این پس امکان پذیر می باشد.",
                "PhoneIranStatuson": "🇮🇷 احراز هویت شماره تماس فقط مخصوص شماره های ایرانی فعال گردید ",
                "subTitle": "در این قسمت می توانید تنظیم کنید که کاربر بعد از خرید لینک سابسکرایبشن دریافت کند یا نه",
                "subStatusOff": "⭕️ ارسال لینک اشتراک غیرفعال گردید. از این پس کاربر پس از خرید لینک سابسکرایب دریافت نخواهد کرد.",
                "subStatuson": "لینک سابسکرایب فعال گردید. از این پس کاربر پس خرید لینک سابسکرایب دریافت خواهد کرد",
                "configTitle": "در این قسمت می توانید تعیین کنید که بعد از خرید کاربر کانفیگ های دستی دریافت کند یا خیر",
                "configStatusOff": "⭕️ ارسال کانفیگ دستی غیرفعال گردید. از این پس کاربر پس از خرید کانفیگ دستی دریافت نخواهد کرد.",
                "configStatuson": "ارسال کانفیگ بعد از خرید فعال شد از این پس کاربران کانفیگ دستی هم دریافت خواهند کرد",
                "cardTitle": "در این بخش می توانید درگاه آفلاین را خاموش یا روشن کنید",
                "cardStatusOff": "⭕ وضعیت درگاه آفلاین خاموش گردید",
                "cardStatuson": "وضعیت درگاه آفلاین روشن گردید",
                "cardTitlepv": "در این بخش می توانید قابلیت کارت به کارت را غیرفعال کرده و فرآیند کارت به کارت را  از پیوی انجام دهید",
                "cardStatusOffpv": "⭕ وضعیت درگاه  آفلاین در پیوی خاموش گردید",
                "cardStatusonpv": "وضعیت درگاه آفلاین در پیوی روشن گردید",
                "autoconfirmcard": "وضعیت تایید خودکار رسید کارت به کارت",
                "cardStatusOffautoconfirmcard": "وضعیت تایید خودکار خاموش شد",
                "cardStatusonautoconfirmcard": "وضعیت تایید خودکار روشن شد",
                "nowpaymentsTitle": "در این بخش می توانید درگاه نیوپیمنت  را فعال یا غیرفعال کنید",
                "nowpaymentsStatusOff": "⭕ وضعیت درگاه  خاموش گردید",
                "nowpaymentsStatuson": "وضعیت درگاه  روشن گردید",
                "digiTitle": "در این بخش می توانید درگاه دیجی سوآپ را فعال یا غیرفعال کنید",
                "digiStatusOff": "⭕ درگاه  خاموش گردید",
                "digiStatuson": "درگاه  روشن گردید",
                "zarinpalTitle": "در این بخش می توانید درگاه سواپ ولت را فعال یا غیرفعال کنید",
                "zarrinpalStatusOff": "⭕ درگاه  خاموش گردید",
                "zarinpalStatuson": "درگاه  روشن گردید",
                "digitalTitle": "در این بخش می توانید درگاه رمز ارز آفلاین را فعال یا غیرفعال کنید",
                "digitalStatusOff": "⭕ درگاه  خاموش گردید",
                "digitalStatuson": "درگاه  روشن گردید",
                "aqayepardakhtTitle": "در این بخش می توانید درگاه آقای پرداخت  را فعال یا غیرفعال کنید",
                "aqayepardakhtStatusOff": "⭕ درگاه  خاموش گردید",
                "aqayepardakhtStatuson": "درگاه  روشن گردید"
            },
            "phone": {
                "notactive": "🛑شماره موبایل تایید نشده است🛑",
                "active": "شماره موبایل کاربر تایید شده است ✅🎉"
            },
            "Channel": {
                "SetChannelReport": "🔰 کانال با موفقیت تنظیم گردید",
                "TestChannel": "تست  اتصال گروه"
            },
            "Product": {
                "Service_location": "📌 موقعیت محصول خود را انتخاب کنید\n\n ⭕️ برای تعریف محصول در همه موقعیت ها دستور \/all را ارسال کنید",
                "nullpProduct": "⭕️ محصولی یافت نشد برای رفع مشکل با پشتیبانی در ارتباط باشید",
                "Rmove_location": "📌 موقعیت محصول خود را انتخاب کنید",
                "selectRemoveProduct": "محصولی که میخوای حذف کنی ر و انتخاب کن",
                "selectEditProduct": "محصولی که میخوای ویرایش کنی را انتخاب کن",
                "RemoveedProduct": "✅ محصول با موفقیت حذف گردید.",
                "AddProductStepOne": " ابتدا نام اشتراک خود را ارسال نمایید\n⚠️ نکات هنگام وارد کردن نام محصول:\n• در کنار نام اشتراک حتما قیمت اشتراک را هم وارد کنید.\n• در کنار نام اشتراک حتما زمان اشتراک را هم وارد کنید.",
                "GetLimit": "حجم اشتراک را ارسال کنید توجه واحد حجم گیگابایت است\n\nاگر میخواهید حجم نامحدود باشد عدد 0 ارسال کنید",
                "Invalidvolume": "حجم نامعتبر است",
                "Invalidtime": "تعداد روز نامعتبر است",
                "GettIime": "\nزمان اشتراک را وارد نمایید توجه زمان واحد زمان اشتراک روز است\nاگر می‌خواهید زمان نامحدود باشد عدد 0 را ارسال کنید",
                "GetPrice": "\nقیمت اشتراک  را ارسال کنید.\nتوجه: \nمحصول براساس تومان است و قیمت را بدون هیچ کاراکتر اضافی ارسال نمایید.",
                "InvalidPrice": "قیمت نامعتبر است",
                "gettimereset": "📌 زمان ریست دوره ای حجم سرویس را ارسال کنید در صورتی که می خواهید ریست نشود دکمه no_reset را ارسال کنید",
                "SaveProduct": "محصول با موفقیت ذخیره شد 🥳🎉",
                "volumeUpdated": "✅ حجم محصول بروزرسانی شد",
                "TimeUpdated": "✅ زمان محصول بروزرسانی شد",
                "NewTime": "زمان جدید را ارسال کنید"
            },
            "Payment": {
                "reviewedpayment": "❌ این پرداخت قبلا توسط ادمین دیگری بررسی شده است",
                "Reasonrejecting": "دلیل رد کردن پرداخت را ارسال نمایید",
                "Rejected": "⭕️ پرداخت با موفقیت رد گردید و به کاربر پیام ارسال شد"
            },
            "Usertest": {
                "TimeUpdated": "✅ زمان سرویس تست بروزرسانی شد",
                "VolumeUpdated": "✅ حجم سرویس تست بروزرسانی شد"
            },
            "Balance": {
                "AddBalance": "⚜️ آیدی عددی کاربر را ارسال کنید \nتوضیحات: برای افزایش موجودی کاربر ابتدا آیدی عددی کاربر را ارسال نمایید",
                "NegativeBalance": "⚜️ آیدی عددی کاربر را ارسال کنید \nتوضیحات: برای کم کردن موجودی کاربر ابتدا آیدی عددی کاربر را ارسال نمایید",
                "PriceBalance": "آیدی عددی دریافت شد مبلغی که میخواهید به کاربر اضافه کنید را ارسال کنید مبلغ به تومان باشد",
                "PriceBalancek": "آیدی عددی دریافت شد مبلغی که میخواهید از کاربرکم کنید را ارسال کنید مبلغ به تومان باشد",
                "Invalidprice": "مبلغ نامعتبر است",
                "AddBalanceUser": "✅ مبلغ به موجودی کاربر اضافه شد",
                "AddBalanceUsers": "✅ مبلغ به موجودی کاربران اضافه شد",
                "NegativeBalanceUser": "✅ مبلغ از موجودی کاربر کسر شد",
                "addallbalance": "📌 مبلغ را برای شارژ همگانی ارسال نمایید"
            },
            "Discount": {
                "GetCode": "کدی را برای کدهدیه ارسال کنید",
                "ErrorCode": "کد نامعتبر است کد باید حتما انگلیسی بدون کاراکتر اضافی باشد",
                "PriceCode": "کد دریافت شد حالا مبلغ کد را بفرست",
                "setlimituse": "📌 محدودیت استفاده را ارسال نمایید.\n⚠️ محدودیت برای کل کاربران می باشد",
                "SaveCode": "✅  کد با موفقیت ثبت گردید",
                "RemoveCode": "کد که میخوای حذف کنی راانتخاب کن",
                "RemovedCode": "✅ کد  با موفقیت حذف گردید.",
                "NotCode": "❌ خطا \n📝 کد هدیه انتخابی وجود ندارد",
                "PriceCodesell": "کد دریافت شد حالا درصد کد را بفرست",
                "agentcode": "کد را می‌خواهید برای چه کاربری تعریف کنید ؟\n\n⚠️ اگر می‌خواهید برای تمام کاربران تعریف کنید متن <code>allusers</code> را ارسال کنید",
                "invalidagentcode": "❌ نوع کاربر نامعتبر است",
                "invalidcodedis": "❌  کد تخفیف نامعتبر است",
                "firstdiscount": "📌 کد تخفیف برای خرید اول باشد یا همه خرید ها؟"
            },
            "Discountsell": {
                "GetCode": "کدی را برای کد تخفیف ارسال کنید",
                "getlimit": "📌 چند کاربر می تواند از این کد تخفیف استفاده کند ؟"
            },
            "Protocol": {
                "Title": "در این بخش می توانید تعیین کنید که به مشتری چه پروتکل هایی داده شود.\n📨 برای اضافه کردن پروتکل از لیست زیر پروتکل خود را ارسال کنید",
                "invalidProtocol": "❌ پروتکل نامعتبر",
                "AddedProtocol": "✅ پروتکل اضافه شد.",
                "RemoveProtocol": "پروتکلی که میخواهید حذف کنید را انتخاب کنید.",
                "RemovedProtocol": "پروتکل با موفقیت حذف گردید."
            },
            "AlgortimeUsername": {
                "SaveData": "✅روش ساخت نام کاربری با موفقیت آپدیت شد"
            },
            "Algortimeextend": {
                "SaveData": "✅روش تمدید سرویس با موفقیت آپدیت شد"
            },
            "SettingPayment": {
                "getnamecard": "📌 نام دارنده کارت را ارسال نمایید.",
                "Savacard": "✅ شماره کارت شما با موفقیت ثبت شد.",
                "CartDirect": "✅ نام کاربری شما با موفقیت ثبت شد.",
                "issetpay": "❌  یک پرداخت تایید نشده دارید لطفا منتظر بمانید تا پرداخت قبلی بررسی شود سپس پرداخت جدید را ارسال نمایید"
            },
            "SettingnowPayment": {
                "Savaapi": "✅ تغییرات با موفقیت ثبت شد",
                "Saviduser": "✅ با موفقیت ثبت شد.",
                "disableshowcardstatus": "📌 نمایش شماره کارت غیرفعال گردید.",
                "activeshowcardstatus": "📌 نمایش شماره کارت برای تمامی کاربران فعال گردید.",
                "getuserstatuscard": "📌 با استفاده از این قابلیت می توانید تعیین کنید به چه کاربرانی شماره کارت نشان داده شود. برای نمایش شماره کارت آیدی عددی کاربر را ارسال نمایید.\n⚠️ قبل از استفاده از این قابلیت با مراجعه به بخش > مالی > تنظیمات کارت به کارت  >  دکمه قابلیت نمایش شماره کارت را بزنید. تا برای تمامی کاربران شماره کارت غیرفعال شود.",
                "errordefrrentprice": "❌ امکان تایید این رسید وجود ندارد\n\n✍️ تفاوت قیمت سفارش و پرداخت"
            },
            "agent": {
                "agentsendid": "⭕ آیدی عددی کاربر را ارسال نمایید.",
                "invalidtypeagent": "❌ نوع نماینده نامعتبر است",
                "gettypeagent": "📌 برای اضافه کردن نماینده نوع نماینده را ارسال کنید\n1- نوع نماینده اول n : این نماینده قابلیت های عادی  را دارد \n2- نوع نماینده دوم n2 : این نوع نماینده بدون محدودیت اعتبار می تواند سرویس خریداری کند.",
                "agentsendidremove": "⭕️ برای حذف کردن نماینده آیدی عددی کاربر را ارسال نمایید",
                "useragented": "✅کاربر با موفقیت نماینده شد",
                "useragentremoved": "❌ کاربر با موفقیت از حالت نماینده حذف شد",
                "invalidvlue": "⭕️ ورودی نا معتبر",
                "setagentproduct": "محصول برای چه کاربری نشان داده شود\nنوع اول f : کاربر عادی می باشد\nنوع دوم n : نماینده نوع دوم می باشد با قابلیت های محدود\nنوع سوم n2 : نماینده نوع سوم می باشد که قابلیت های بیشتر",
                "agenttext" : "👋 به پنل نمایندگی خوش آمدید",
                "submitusername" : "✅ نام کاربری شما با موفقیت ذخیره گردید."
            },
            "order": {
                "selectstep": "📌 سفارش را از چه طریقی می‌خواهید مشاهده کنید؟",
                "notfound": "❌ سفارشی یافت نشد",
                "vieworderusername": "👁 برای مشاهده سفارشات کاربر نام کاربری کانفیگ کاربر را ارسال کنید"
            },
            "cronjob": {
                "setdayremove": "📌 تعداد روزی که میخواهید اکانت هایی که زمان شون تمام شده بعد آن اکانت پاک شود را ارسال نمایید\nزمان فعلی : ",
                "setvolumeremove": "📌 تعداد روزی که میخواهید اکانت هایی که حجم شون تمام شده پاک شود را ارسال نمایید زمان اکانت براساس آخرین اتصال کاربر محاسبه می شود.این قابلیت برای پنل مرزبان می باشد\nزمان فعلی : ",
                "changeddata": "✅ تغییرات با موفقیت ذخیره گردید",
                "cronjobctive": "✅ کرون جاب فعال گردید",
                "cronjobdisable": "❌ کرون جاب غیرفعال گردید."
            },
            "transfor": {
                "title": "🚚 انتقال سرویس به کاربر دیگر",
                "transfornotvalid": "❌ امکان انتقال سرویس تست به کاربر دیگری وجود ندارد.",
                "discription": "🛂 جهت انتقال این اشتراک به دیگر کاربران ، باید شناسه کاربری اکانت مقصد را داشته باشید .\n\n‼️ نکات انتقال :\n1 -جهت دریافت شناسه کاربری به دکمه ی کیف پول مراجعه کنید  \n2 - بعد از انتقال اشتراک به کاربر مقصد ، اشتراک از پنل شما حذف خواهد شد .\n\n🆕 شناسه کاربری اکانت مقصد را وارد کنید :",
                "notusertrns": "❌ کاربری با این شناسه یافت نشد.",
                "confirm": "✅ در صورت تایید دکمه زیر را کلیک کنید تا انتقال شما با موفقیت انجام شود.",
                "confirmed": "✅ انتقال سرویس با موفقیت انجام شد.",
                "notsendserviceyou": "❌ امکان انتقال سرویس به خود وجود ندارد."
            },
            "change-location" : {
                "title" : "🌐 تغییر لوکیشن",
                "changedloc" : "✅ سرویس شما با موفقیت منتقل گردید.",
                "confirm" : "✅ تایید انتقال"
            },
            "month": {
                "title": "📌 مدت زمان سرویس را انتخاب نمایید",
                "1day": "⏳ یک روزه",
                "7day": "⏳ هفت روزه",
                "1": "⏳ یک ماه",
                "2": "⏳ دو ماه",
                "3": "⏳سه ماه",
                "4": "⏳چهار ماه",
                "6": "⏳شش ماه",
                "365": "⏳  یکساله",
                "unlimited": "🔋 حجمی"
            },
            "update": "✅ ربات شما اپدیت گردید.",
            "addorder": {
                "onestep": "📌 برای اضافه کردن سفارش به کاربر ابتدا آیدی عددی کاربر را ارسال نمایید.",
                "towstep": "📌 نام کاربری کانفیگ کاربر را ارسال  نمایید.",
                "threestep": "📌 لوکیشن کانفیگ را انتخاب نمایید.",
                "fourstep": "📌 نام محصول  را ارسال نمایید.",
                "fivestep": "📌 سرویس با موفقیت به حساب کاربر اضافه گردید."
            },
            "btnkeyboardadmin":{
                "managementpanel" : "✏️ مدیریت پنل",
                "addpanel" : "🖥 اضافه کردن پنل",
                "managruser" : "👤 مدیریت کاربر"
            },
            "report" : {
                "reportnight" : "🌙 گزارش شبانه",
                "reportcron" : "📝 گزارش اطلاع رسانی ها"
            },
            "reportgroup" : {
                "adminadded" : "👨‍💼 کاربر با مشخصات زیر یک ادمین اضافه کرده است.\n\nنام کاربری %s\nآیدی عددی : %s\nنوع دسترسی : %s\n\n⭕️ اطلاعات ادمین جدید :\nآیدی عددی : %s",
                "new-payment-star" : "💵 پرداخت جدید\n- 👤 نام کاربری کاربر : @%s\n- ‏🆔آیدی عددی کاربر : %s\n- 💸 مبلغ تراکنش %s\n- 📥 مبلغ واریز شده استار. : %s\n- 💳 روش پرداخت : استار تلگرام",
                "volumepurchase" : "⭕️ یک کاربر حجم اضافه خریده است\n\nاطلاعات کاربر :\n🪪 آیدی عددی : %s\n🛍 حجم خریداری شده : %s\n💰 مبلغ پرداختی : %s تومان\nموجودی کاربر قبل خرید : %s\n👤 نام کاربری کانفیگ : %s",
                "renewaldetails" :"📣 جزئیات تمدید اکانت در ربات شما ثبت شد.\n▫️آیدی عددی کاربر : <code>%s</code>\n▫️نام کاربری کاربر : @%s\n▫️نام کاربری کانفیگ : %s\n▫️نام کاربر : %s\n▫️موقعیت سرویس : %s\n▫️نام محصول : %s\n▫️حجم محصول : %s\n▫️زمان محصول : %s\n▫️مبلغ تمدید : %s تومان\n▫️موجودی کاربر : %s تومان\n▫️زمان خرید : %s"
            },
            "MessageBulk" :{
                "userresponse" : "📥 یک پاسخ به پیام از کاربر دریافت شد برای پاسخ روی دکمه زیر کلیک کنید و پیام خود را ارسال کنید.\n\nآیدی عددی : %s\nنام کاربری کاربر : %s\n📝 متن پیام : %s",
                "usermessage" : "📥 یک پاسخ به پیام از کاربر دریافت شد برای پاسخ روی دکمه زیر کلیک کنید و پیام خود را ارسال کنید.\n\nآیدی عددی : %s\nنام کاربری کاربر : @%s\n📝 متن پیام : %s"
            }
        }
    }
}